{"cameraMode":{"drawMode":0,"name":"Shaded","section":"Shading Mode"},"sceneLighting":true,"audioPlay":false,"sceneViewState":{"showFog":false,"showMaterialUpdate":false,"showSkybox":true,"showFlares":false,"showImageEffects":false,"showParticleSystems":false},"in2DMode":false,"pivot":{"x":0.7599999904632568,"y":5.340000152587891,"z":48.779998779296878},"rotation":{"x":0.046097349375486377,"y":0.9391126036643982,"z":-0.31069180369377139,"w":0.13933706283569337},"size":23.26119041442871,"orthographic":true}